"Stamps on Colnect","List exported on 2022-05-09 17:54:24 GMT+0"
"Launched by collector: ",EddieM
"Collector profile on Colnect at: ",https://colnect.com/collectors/collector/EddieM
"This list contains 2 Stamps"
"For the updated list on Colnect visit: ",https://colnect.com/en/stamps/list/country/225-United_States_of_America/year/2015/emission/4-ATM_Labels


Name,Country,Series,"Catalog Codes","Issued on","Expiry date",Width,Height,Watermark,Format,Emission,Perforation,Printing,Paper,Gum,Currency,FaceValue,"Ord Mi","Ord Sn","Ord Yt","Ord Sg","Print run",Variant,Score,Accuracy,Colors,ZstStampDesigner,ZstStampPrinter,Themes,Description,Link
"Charlie Brown Christmas ATM stamp","United States of America","Computer Vended Postage Stamps","Mi:US ATM15, Sn:US CVP98",2015-10-29,,47,27,,Stamp,"ATM Labels",Imperforate,,,,"º - No Face Value",FOREVER,55278,46978,,,,,64.67,Medium,Multicolor,,,"Christmas,Cartoons,Comics,Snow,Mailboxes","FOREVER, sold for 49c on day of issue",https://colnect.com/stamps/stamp/647723
mPOS,"United States of America","Computer Vended Postage Stamps","Sn:US CVP99",2015,,,,,Stamp,"ATM Labels","Die Cut","Thermographic Relief",,,"$ - United States dollar",5.95,,46977,,,,,92.82,Low,Black,,,"Numbers,Letters (Alphabet)","Round corners",https://colnect.com/stamps/stamp/722006
"Medal of Honor 2015","United States of America","Medal of Honor","Mi:US 5015III-5172BA-5016III, Sn:US 4988a, Yt:US 4810-4812",2015-05-25,,75,40,"No Watermark",Se-tenant,Commemorative,"Serpentine Die Cut<i> 11</i>","Offset lithography",,Self-Adhesive,"º - No Face Value",3*FOREVER,56494,48597,39560,,,568142,76.77,Medium,Multicolor,,,"Medals and Marks of Honour,Army","Strip of 3",https://colnect.com/stamps/stamp/568142
"Medal of Honor: Navy","United States of America","Medal of Honor","Mi:US 5015IIIBA, Sn:US 4822b, Yt:US 4811, WAD:US039.15",2015-05-25,,25,40,"No Watermark",Stamp,Commemorative,"Serpentine Die Cut<i> 11</i>","Offset lithography",,Self-Adhesive,"º - No Face Value",FOREVER,56493,48897,39559,,,461317,67.72,Medium,Multicolor,,,"Medals and Marks of Honour,Army","Dated 2015  Initial value 49c",https://colnect.com/stamps/stamp/552158
"Medal of Honor: Army","United States of America","Medal of Honor","Mi:US 5016IIIBA, Sn:US 4823b, Yt:US 4810, WAD:US038.15",2015-05-25,,25,40,"No Watermark",Stamp,Commemorative,"Serpentine Die Cut<i> 11</i>","Offset lithography",,Self-Adhesive,"º - No Face Value",FOREVER,56489,48894,39561,,,461318,64.21,Medium,Multicolor,,,"Medals and Marks of Honour,Army","Dated 2015  Initial value 49c",https://colnect.com/stamps/stamp/552157
"Battle of New Orleans","United States of America","The War of 1812","Mi:US 5141BA, Sn:US 4952, Yt:US 4773, Sg:US 5567, WAD:US001.15",2015-01-08,,41,32,"No Watermark",Stamp,Commemorative,"Serpentine Die Cut<i> 10¾</i>","Offset lithography",,Self-Adhesive,"º - No Face Value",FOREVER,56238,48670,39599,39834,,525654,44.17,High,Multicolor,,,"Weapons,Horses,Battle,Army","nominal value 49c",https://colnect.com/stamps/stamp/525654
"Battle of New Orleans","United States of America","The War of 1812","Mi:US 5141BB, Sn:US 4952a",2015-01-08,,,,"No Watermark",Stamp,Commemorative,Imperforate,"Offset lithography",,Self-Adhesive,"º - No Face Value",FOREVER,56237,48669,,,,525654,92.69,Low,Multicolor,,,"Weapons,Horses,Battle,Army",,https://colnect.com/stamps/stamp/715435
"Lace hearts","United States of America",Hearts,"Mi:US 5144BA, Sn:US 4955, Yt:US 4775, Sg:US 5569, WAD:US004.15",2015-01-22,,23.5,30,"No Watermark",Stamp,Commemorative,"Serpentine Die Cut<i> 11</i>","Offset lithography",,Self-Adhesive,"º - No Face Value",FOREVER,56232,48664,39597,39832,,,36.8,High,Red,,,"Love,Greetings,Hearts","nominal value 49 c",https://colnect.com/stamps/stamp/525650
"Lace hearts","United States of America",Hearts,"Mi:US 5144BA-5145BA, Sn:US 4956a, Sg:US 5569-5570",2015-01-22,,,,"No Watermark",Se-tenant,Commemorative,"Serpentine Die Cut<i> 11</i>","Offset lithography",,Self-Adhesive,"º - No Face Value",2*FOREVER,56231,48662,,39831,,715436,71.31,Low,"Red,Grey",,,"Love,Greetings,Hearts","Se-tenant pair",https://colnect.com/stamps/stamp/715436
"Lace hearts","United States of America",Hearts,"Mi:US 5144BB-5145BB, Sn:US 4956b",2015-01-22,,,,"No Watermark",Se-tenant,Commemorative,Imperforate,"Offset lithography",,Self-Adhesive,"º - No Face Value",2*FOREVER,56230,48661,,,,715436,87,Low,"Red,Grey",,,"Love,Greetings,Hearts","Imperforate se-tenant pair",https://colnect.com/stamps/stamp/715437
"Lace hearts","United States of America",Hearts,"Mi:US 5145BA, Sn:US 4956, Yt:US 4776, Sg:US 5570, WAD:US003.15",2015-01-22,,23.5,30,"No Watermark",Stamp,Commemorative,"Serpentine Die Cut<i> 11</i>","Offset lithography",,Self-Adhesive,"º - No Face Value",FOREVER,56229,48663,39596,39830,,,40.03,High,"Red,Grey",,,"Love,Greetings,Hearts","nominal value 49c",https://colnect.com/stamps/stamp/525651
"Lunar New Year - Year of the Ram","United States of America","Chinese New Year 2015 - Year of the Ram","Mi:US 5146BA, Sn:US 4957, Yt:US 4771, Sg:US 5572, WAD:US006.15",2015-02-12,,40,25,"No Watermark",Stamp,Commemorative,"Serpentine Die Cut<i> 10¾</i>","Offset lithography",,Self-Adhesive,"º - No Face Value",FOREVER,56228,48660,39601,39828,,525653,49.13,High,Multicolor,,,"Stylized Animals,Mammals,Sheep,Chinese New Year,New Year,Zodiac,Chinese Zodiac,Animals (Fauna)","nominal value 49c",https://colnect.com/stamps/stamp/525653
"Lunar New Year - Year of the Ram","United States of America","Chinese New Year 2015 - Year of the Ram","Mi:US 5146BB, Sn:US 4957a",2015-02-12,,,,"No Watermark",Stamp,Commemorative,Imperforate,"Offset lithography",,Self-Adhesive,"º - No Face Value",FOREVER,56227,48659,,,,525653,89.68,Low,Multicolor,,,"Stylized Animals,Mammals,Sheep,Chinese New Year,New Year,Zodiac,Chinese Zodiac,Animals (Fauna)","nominal value 49c",https://colnect.com/stamps/stamp/715438
"Robert Robinson Taylor","United States of America","Black Heritage Series","Mi:US 5147BA, Sn:US 4958, Yt:US 4772, Sg:US 5573, WAD:US007.15",2015-02-12,,25,40,"No Watermark",Stamp,Commemorative,"Serpentine Die Cut<i> 10¾</i>","Offset lithography",,Self-Adhesive,"º - No Face Value",FOREVER,56226,48658,39600,39827,,525652,51.98,High,Multicolor,,,"Famous People,Architects,Men","nominal value 49c",https://colnect.com/stamps/stamp/525652
"Robert Robinson Taylor","United States of America","Black Heritage Series","Mi:US 5147BB, Sn:US 4958a",2015-02-12,,,,"No Watermark",Stamp,Commemorative,Imperforate,"Offset lithography",,Self-Adhesive,"º - No Face Value",FOREVER,56225,48657,,,,525652,94.55,Low,Multicolor,,,"Famous People,Architects,Men","nominal value 49c",https://colnect.com/stamps/stamp/715439
"Vintage rose","United States of America","Vintage Flowers","Mi:US 5148BA, Sn:US 4959, Yt:US 4779, Sg:US 5574, WAD:US008.15",2015-02-14,,25,32,,Stamp,Commemorative,"Serpentine Die Cut<i> 10¾</i>","Offset lithography and Recess",,Self-Adhesive,"º - No Face Value",FOREVER,56224,48656,39593,39826,,525657,29.91,High,Multicolor,,,"Flowers,Roses,Plants (Flora),Greetings,Hearts","nominal value 49c",https://colnect.com/stamps/stamp/525657
"Vintage rose","United States of America","Vintage Flowers","Mi:US 5148BB, Sn:US 4959a",2015-02-14,,,,,Stamp,Commemorative,Imperforate,"Offset lithography and Recess",,Self-Adhesive,"º - No Face Value",FOREVER,56223,48655,,,,525657,88.96,Medium,Multicolor,,,"Flowers,Roses,Plants (Flora),Greetings,Hearts","nominal value 49c",https://colnect.com/stamps/stamp/715440
"Vintage tulip","United States of America","Vintage Flowers","Mi:US 5149BA, Sn:US 4960, Yt:US 4780, Sg:US 5575",2015-02-14,,23.5,30,,Stamp,Commemorative,"Serpentine Die Cut<i> 10¾</i>","Offset lithography and Recess",,Self-Adhesive,"¢ - United States cent",70,56222,48654,39592,39825,,525656,56.36,High,Multicolor,,,"Flowers,Plants (Flora),Tulips,Greetings,Hearts",,https://colnect.com/stamps/stamp/525656
"Vintage tulip","United States of America","Vintage Flowers","Mi:US 5149BB, Sn:US 4960a",2015-02-14,,,,,Stamp,Commemorative,Imperforate,"Offset lithography and Recess",,Self-Adhesive,"¢ - United States cent",70,56221,48653,,,,525656,92.3,Low,Multicolor,,,"Flowers,Plants (Flora),Tulips,Greetings,Hearts",,https://colnect.com/stamps/stamp/715389
"Martin Ramirez: Flower","United States of America","Martin Ramirez","Mi:US 5157BA, Sn:US 4968, Yt:US 4785, Sg:US 5584, WAD:US019.15",2015-03-26,,31,31,,Stamp,Commemorative,"Serpentine Die Cut<i> 10¾</i>","Offset lithography",,Self-Adhesive,"º - No Face Value",FOREVER,56209,48639,39586,39814,,,70.25,Medium,Multicolor,,,Art,"Initial value: 49 c",https://colnect.com/stamps/stamp/552162
"Martin Ramirez","United States of America","Martin Ramirez","Mi:US 5157BA-5161BA, Sn:US 4972a, Sg:US 5584-5588",2015-03-26,,,,,Se-tenant,Commemorative,"Serpentine Die Cut<i> 10¾</i>","Offset lithography",,Self-Adhesive,"º - No Face Value",5*FOREVER,56208,48633,,39813,,552161,78.93,Low,Multicolor,,,Art,"Vertical strip of 5",https://colnect.com/stamps/stamp/715540
"Martin Ramirez sheet","United States of America","Martin Ramirez","Mi:US 5157BA-5161BA FB, Sn:US 4968-4972, Yt:US F4785-4789",2015-03-26,,,,,"Mini Sheet",Commemorative,"Serpentine Die Cut<i> 10¾</i>","Offset lithography",,Self-Adhesive,"º - No Face Value",20*FOREVER,56207,48638,38470,,,552161,87.7,Low,Multicolor,,,Art,,https://colnect.com/stamps/stamp/552161
"Martin Ramirez","United States of America","Martin Ramirez","Mi:US 5157BB-5161BB, Sn:US 4972b",2015-03-26,,,,,Se-tenant,Commemorative,Imperforate,"Offset lithography",,Self-Adhesive,"º - No Face Value",5*FOREVER,56206,48632,,,,552161,91.64,Low,Multicolor,,,Art,"Imperforate strip of 5",https://colnect.com/stamps/stamp/715541
"Martin Ramirez: Man on horse","United States of America","Martin Ramirez","Mi:US 5158BA, Sn:US 4969, Yt:US 4786, Sg:US 5585, WAD:US020.15",2015-03-26,,31,31,,Stamp,Commemorative,"Serpentine Die Cut<i> 10¾</i>","Offset lithography",,Self-Adhesive,"º - No Face Value",FOREVER,56205,48637,39585,39812,,,69.15,Medium,Multicolor,,,Art,"Initial value: 49 c",https://colnect.com/stamps/stamp/552163
"Martin Ramirez: Train","United States of America","Martin Ramirez","Mi:US 5159BA, Sn:US 4970, Yt:US 4787, Sg:US 5586, WAD:US021.15",2015-03-26,,31,31,,Stamp,Commemorative,"Serpentine Die Cut<i> 10¾</i>","Offset lithography",,Self-Adhesive,"º - No Face Value",FOREVER,56204,48636,39584,39811,,,71.16,Medium,Multicolor,,,Art,"Initial value: 49 c",https://colnect.com/stamps/stamp/552164
"Martin Ramirez: Deer","United States of America","Martin Ramirez","Mi:US 5160BA, Sn:US 4971, Yt:US 4788, Sg:US 5587, WAD:US022.15",2015-03-26,,31,31,,Stamp,Commemorative,"Serpentine Die Cut<i> 10¾</i>","Offset lithography",,Self-Adhesive,"º - No Face Value",FOREVER,56203,48635,39583,39810,,,71.16,Medium,Multicolor,,,Art,"Initial value: 49 c",https://colnect.com/stamps/stamp/552165
"Martin Ramirez: Windows","United States of America","Martin Ramirez","Mi:US 5161BA, Sn:US 4972, Yt:US 4789, Sg:US 5588, WAD:US018.15",2015-03-26,,31,31,,Stamp,Commemorative,"Serpentine Die Cut<i> 10¾</i>","Offset lithography",,Self-Adhesive,"º - No Face Value",FOREVER,56202,48634,39582,39809,,,69.6,Medium,Multicolor,,,Windows,"Initial value: 49 c",https://colnect.com/stamps/stamp/552166
"From Me To You","United States of America","From Me To You","Mi:US 5162BA, Sn:US 4978, Yt:US 4790, Sg:US 5594, WAD:US028.15",2015-04-01,,23,30,,Stamp,Commemorative,"Serpentine Die Cut<i> 10¾</i>","Offset lithography",,Self-Adhesive,"º - No Face Value",FOREVER,56201,48619,39581,39802,,552155,46.54,High,Multicolor,,,"Letters (Alphabet),Greetings","Initial value: 49 c",https://colnect.com/stamps/stamp/552155
"From Me To You","United States of America","From Me To You","Mi:US 5162BB, Sn:US 4978a",2015-04-01,,,,,Stamp,Commemorative,Imperforate,"Offset lithography",,Self-Adhesive,"º - No Face Value",FOREVER,56200,48618,,,,552155,92.18,Low,Multicolor,,,"Letters (Alphabet),Greetings","Postwert zum Ausgabezeitpunkt: 49 c",https://colnect.com/stamps/stamp/715544
"Maya Angelou","United States of America","Maya Angelou","Mi:US 5163BA, Sn:US 4979, Yt:US 4791, Sg:US 5595, WAD:US029.15",2015-04-07,,40,25,,Stamp,Commemorative,"Serpentine Die Cut<i> 10¾</i>","Offset lithography",,Self-Adhesive,"º - No Face Value",FOREVER,56199,48617,39580,39801,,552140,41.24,High,Multicolor,,,"Famous People,Authors,Literature,Women,Literary People (Poets and Writers)","Initial value: 49 c",https://colnect.com/stamps/stamp/552140
"Maya Angelou","United States of America","Maya Angelou","Mi:US 5163BB, Sn:US 4979a",2015-04-07,,,,,Stamp,Commemorative,Imperforate,"Offset lithography",,Self-Adhesive,"º - No Face Value",FOREVER,56198,48616,,,,552140,89.61,Low,Multicolor,,,"Famous People,Authors,Literature,Women,Literary People (Poets and Writers)","Postwert zum Ausgabezeitpunkt: 49 c",https://colnect.com/stamps/stamp/715545
"Civil War 1865 sheet","United States of America","Civil War","Mi:US 5164-5165KB, Sn:US 4980-4981, Yt:US F4792, Sg:US MS5596, WAD:US031MS.15",2015-04-09,,,,,"Mini Sheet",Commemorative,"Serpentine Die Cut<i> 10¾ x 11</i>","Offset lithography",,Self-Adhesive,"º - No Face Value",10*FOREVER,56197,48614,38469,39049,,715546,74.92,Medium,Multicolor,,,"Battle,Anniversaries and Jubilees","Listed as souvenir sheet by S.Gibbons",https://colnect.com/stamps/stamp/552143
"Civil War 1865: Five Forks","United States of America","Civil War","Mi:US 5164BA, Sn:US 4980, Yt:US 4792, WAD:US030.15",2015-04-09,,55,31,,Stamp,Commemorative,"Serpentine Die Cut<i> 10¾ x 11</i>","Offset lithography",,Self-Adhesive,"º - No Face Value",FOREVER,56196,48615,39579,,,,69.11,Medium,Multicolor,,,"Weapons,Horses,Battle,Army,Anniversaries and Jubilees",,https://colnect.com/stamps/stamp/552141
"Civil War 1865","United States of America","Civil War","Mi:US 5164BA-5165BA, Sn:US 4981a",2015-04-09,,,,,Se-tenant,Commemorative,"Serpentine Die Cut<i> 10¾ x 11</i>","Offset lithography",,Self-Adhesive,"º - No Face Value",2*FOREVER,56195,48612,,,,715546,81.53,Low,Multicolor,,,"Battle,Anniversaries and Jubilees","Se-tenant pair",https://colnect.com/stamps/stamp/715546
"Civil War 1865","United States of America","Civil War","Mi:US 5164BB-5165BB, Sn:US 4981b",2015-04-09,,,,,Se-tenant,Commemorative,Imperforate,"Offset lithography",,Self-Adhesive,"º - No Face Value",2*FOREVER,56194,48611,,,,715546,91.42,Low,Multicolor,,,"Battle,Anniversaries and Jubilees","Imperforate se-tenant pair",https://colnect.com/stamps/stamp/715547
"Civil War 1865: Appomattox","United States of America","Civil War","Mi:US 5165BA, Sn:US 4981, Yt:US 4793, WAD:US031.15",2015-04-09,,55,31,,Stamp,Commemorative,"Serpentine Die Cut<i> 10¾ x 11</i>","Offset lithography",,Self-Adhesive,"º - No Face Value",FOREVER,56193,48613,39578,,,,68.49,Medium,Multicolor,,,"Battle,Anniversaries and Jubilees",,https://colnect.com/stamps/stamp/552142
"Lincoln Memorial with cherry blossoms","United States of America","Gifts of Friendship","Mi:US 5166BA, Sn:US 4982, Yt:US 4794, WAD:US032.15",2015-04-10,,38,27,,Stamp,Commemorative,"Serpentine Die Cut<i> 10¾</i>","Offset lithography",,Self-Adhesive,"º - No Face Value",FOREVER,56192,48610,39577,,,,41.54,High,Multicolor,,,"Trees,Flowers,Monuments,Plants (Flora)","Initial value: 49 c",https://colnect.com/stamps/stamp/552144
"Gifts of Friendship","United States of America","Gifts of Friendship","Mi:US 5166BA-5167BA, Sn:US 4983a",2015-04-10,,76,27,,Se-tenant,Commemorative,"Serpentine Die Cut<i> 10¾</i>","Offset lithography and Screen printing",,Self-Adhesive,"º - No Face Value",2*FOREVER,56191,48608,,,,715548,84.41,Low,Multicolor,,,"Flowers,Monuments","Se-tenant pair",https://colnect.com/stamps/stamp/715548
"Gifts of Friendship M/S","United States of America","Gifts of Friendship","Mi:US 5166BA-5169BAFB, Sn:US MS4982-4985, Yt:US F4794-4797, Sg:US MS5597, WAD:US035MS.15",2015-04-10,,,,,"Mini Sheet",Commemorative,"Serpentine Die Cut<i> 11</i>","Offset lithography",,Self-Adhesive,"º - No Face Value",12*FOREVER,56190,46154,38468,39048,,,67.9,Medium,Multicolor,,,"Trees,Government Buildings,Flowers,Monuments,Towers,Plants (Flora),Joint Issues","Joint issue with Japan  Listed as souvenir sheet by S.Gibbons",https://colnect.com/stamps/stamp/647717
"Gifts of Friendship","United States of America","Gifts of Friendship","Mi:US 5166BB-5167BB, Sn:US 4983b",2015-04-10,,76,27,,Se-tenant,Commemorative,Imperforate,"Offset lithography and Screen printing",,Self-Adhesive,"º - No Face Value",2*FOREVER,56189,48607,,,,715548,87.75,Low,Multicolor,,,"Flowers,Monuments","Imperforate se-tenant pair",https://colnect.com/stamps/stamp/715549
"U.S. Capitol and Cherry Blossoms","United States of America","Gifts of Friendship","Mi:US 5167BA, Sn:US 4983, Yt:US 4795",2015-04-10,,38,27,,Stamp,Commemorative,"Serpentine Die Cut<i> 10¾</i>","Offset lithography",,Self-Adhesive,"º - No Face Value",FOREVER,56188,48609,39576,,,,42.44,High,Multicolor,,,"Trees,Flowers,Monuments","Initial value: 49 c",https://colnect.com/stamps/stamp/552146
"Japanese Diet and Dogwood Blossoms","United States of America","Gifts of Friendship","Mi:US 5168BA, Sn:US 4984, Yt:US 4796, WAD:US034.15",2015-04-10,,38,27,,Stamp,Commemorative,"Serpentine Die Cut<i> 10¾</i>","Offset lithography",,Self-Adhesive,"º - No Face Value",FOREVER,56187,48606,39575,,,,71.06,Medium,Multicolor,,,"Trees,Flowers,Monuments,Plants (Flora)","Initial value: 49 c",https://colnect.com/stamps/stamp/552147
"Gifts of Friendship","United States of America","Gifts of Friendship","Mi:US 5168BA-5169BA, Sn:US 4985a",2015-04-10,,76,27,,Se-tenant,Commemorative,"Serpentine Die Cut<i> 10¾</i>","Offset lithography and Screen printing",,Self-Adhesive,"º - No Face Value",2*FOREVER,56186,48604,,,,715550,86.15,Low,Multicolor,,,"Flowers,Monuments","Se-tenant pair",https://colnect.com/stamps/stamp/715550
"Gifts of Friendship","United States of America","Gifts of Friendship","Mi:US 5168BB-5169BB, Sn:US 4985b",2015-04-10,,76,27,,Se-tenant,Commemorative,Imperforate,"Offset lithography and Screen printing",,Self-Adhesive,"º - No Face Value",2*FOREVER,56185,48603,,,,715550,90.22,Low,Multicolor,,,"Trees,Flowers,Monuments,Towers,Plants (Flora)","Imperforate se-tenant pair",https://colnect.com/stamps/stamp/715551
"Clock Tower and Dogwood Blossoms","United States of America","Gifts of Friendship","Mi:US 5169BA, Sn:US 4985, Yt:US 4797, WAD:US035.15",2015-04-10,,38,27,,Stamp,Commemorative,"Serpentine Die Cut<i> 10¾</i>","Offset lithography",,Self-Adhesive,"º - No Face Value",FOREVER,56184,48605,39574,,,,69.6,Medium,Multicolor,,,"Trees,Flowers,Monuments,Towers,Plants (Flora),Joint Issues","Initial value: 49 c",https://colnect.com/stamps/stamp/552148
"Special Olympics World Games","United States of America","Special Olympics World Games","Mi:US 5170BA, Sn:US 4986, Yt:US 4808, Sg:US 5598, WAD:US036.15",2015-05-09,,25,40,,Stamp,Commemorative,"Serpentine Die Cut<i> 10¾</i>","Offset lithography",,Self-Adhesive,"º - No Face Value",FOREVER,56183,48602,39563,39800,,552167,39.05,High,Multicolor,,,"Seals (Emblems)","Initial value: 49 c",https://colnect.com/stamps/stamp/552167
"Special Olympics World Games","United States of America","Special Olympics World Games","Mi:US 5170BB, Sn:US 4986a",2015-05-09,,,,,Stamp,Commemorative,Imperforate,"Offset lithography",,Self-Adhesive,"º - No Face Value",FOREVER,56182,48601,,,,552167,75.33,Medium,Multicolor,,,"Seals (Emblems)","Postwert zum Ausgabezeitpunkt: 49 c",https://colnect.com/stamps/stamp/715601
"Forget-Me-Not - Help Find Missing Children","United States of America","Missing Children","Mi:US 5171BA, Sn:US 4987, Yt:US 4809, Sg:US 5599, WAD:US037.15",2015-05-18,,40,25,,Stamp,Commemorative,"Serpentine Die Cut<i> 10¾</i>","Offset lithography",,Self-Adhesive,"º - No Face Value",FOREVER,56181,48600,39562,39799,,552159,35.51,High,Multicolor,,,Flowers,"Initial value: 49 c",https://colnect.com/stamps/stamp/552159
"Missing Children","United States of America","Missing Children","Mi:US 5171BB, Sn:US 4987a",2015-05-18,,40,25,,Stamp,Commemorative,Imperforate,"Offset lithography",,Self-Adhesive,"º - No Face Value",FOREVER,56180,48599,,,,552159,90.17,Low,Multicolor,,,Flowers,"Initial value: 49 c",https://colnect.com/stamps/stamp/715602
"Medal of Honor: AirForce 2015","United States of America","Medal of Honor","Mi:US 5172BA, Sn:US 4988, Yt:US 4812, WAD:US040.15",2015-05-25,,25,40,,Stamp,Commemorative,"Serpentine Die Cut<i> 11</i>","Offset lithography",,Self-Adhesive,"º - No Face Value",FOREVER,56179,48598,39558,,,,73.47,Medium,Multicolor,,,"Medals and Marks of Honour","For Vietnam War Medal of Honor recipients  Initial value: 49 c",https://colnect.com/stamps/stamp/552156
"Wedding Cake (two ounce)","United States of America",Wedding,"Mi:US 5179, Sn:US 5000, Yt:US 4819, WAD:US051.15",2015-06-01,,24,31,,Stamp,Commemorative,"Serpentine Die Cut<i> 10¾</i>","Offset lithography",,Self-Adhesive,"º - No Face Value","Two Ounce",56162,48578,39546,,,440650,58.1,Medium,Multicolor,,,"Flowers,Roses,Food,Weddings,Plants (Flora),Greetings","Dated 2015 in top right corner  Two Ounce - initial value 71 cents",https://colnect.com/stamps/stamp/552173
"Yes I Do","United States of America",Wedding,"Mi:US 5180, Sn:US 5001, Yt:US 4821, WAD:US052.15",2015-06-01,,40,25,,Stamp,Commemorative,"Serpentine Die Cut<i> 11</i>","Offset lithography",,Self-Adhesive,"º - No Face Value","Two Ounce",56161,48577,39544,,,440693,69.66,Medium,Multicolor,,,"Flowers,Roses,Love,Greetings,Hearts","two ounce - initial value 71 cents. Dated 2015",https://colnect.com/stamps/stamp/552174
"Vintage Tulip (two ounce)","United States of America","Vintage Flowers","Mi:US 5181, Sn:US 5002, Yt:US 4820, WAD:US053.15",2015-06-01,,23.5,30,,Stamp,Commemorative,"Serpentine Die Cut<i> 10¾</i>","Offset lithography and Recess",,Self-Adhesive,"º - No Face Value","Two Ounce",56160,48576,39545,,,,55.53,High,"Red,Black",,,"Flowers,Plants (Flora),Tulips,Greetings,Hearts","two ounce - initial value 71 cents",https://colnect.com/stamps/stamp/552168
"Flannery O’Connor","United States of America","Literary Arts","Mi:US 5182BA, Sn:US 5003, Yt:US 4822, Sg:US 5611, WAD:US055.15",2015-06-05,,40,25,,Stamp,Commemorative,"Serpentine Die Cut<i> 11¾</i>","Offset lithography",,Self-Adhesive,"º - No Face Value","Three Ounce",56159,48575,39543,39786,,552154,57.23,High,Multicolor,,,"Famous People,Authors,Literature,Women,Literary People (Poets and Writers)","three ounce - initial value 93 cents",https://colnect.com/stamps/stamp/552154
"Flannery O’Connor","United States of America","Literary Arts","Mi:US 5182BB, Sn:US 5003a",2015-06-05,,40,25,,Stamp,Commemorative,Imperforate,"Offset lithography",,Self-Adhesive,"º - No Face Value","Three Ounce",56158,48574,,,,552154,91.32,Low,Multicolor,,,"Famous People,Authors,Literature,Women,Literary People (Poets and Writers)",,https://colnect.com/stamps/stamp/715608
"U.S. Coast Guard 2015","United States of America","U.S. Coast Guard","Mi:US 5187BA, Sn:US 5008, Yt:US 4827, Sg:US 5616, WAD:US060.15",2015-08-04,,39.6,24.9,"No Watermark",Stamp,Commemorative,"Serpentine Die Cut<i> 10¾</i>","Offset lithography",,Self-Adhesive,"º - No Face Value",FOREVER,56148,48565,39538,39780,,568152,50.88,High,Multicolor,,,"Ships,Helicopters,Aviation,National Guards","Initial value: 49 c",https://colnect.com/stamps/stamp/568152
"U.S. Coast Guard 2015","United States of America","U.S. Coast Guard","Mi:US 5187BB, Sn:US 5008a",2015-08-04,,40,25,"No Watermark",Stamp,Commemorative,Imperforate,"Offset lithography",,Self-Adhesive,"º - No Face Value",FOREVER,56147,48564,,,,568152,88.26,Low,Multicolor,,,"Ships,Helicopters,Aviation,National Guards",,https://colnect.com/stamps/stamp/715611
"Elvis Presley","United States of America","Music Icons","Mi:US 5188BA, Sn:US 5009, Yt:US 4830, Sg:US 5617, WAD:US061.15",2015-08-12,,31.1,31.1,"No Watermark",Stamp,Commemorative,"Serpentine Die Cut<i> 10¾</i>","Offset lithography",,Self-Adhesive,"º - No Face Value",FOREVER,56146,48563,39535,39779,,568153,30.95,High,Multicolor,,,"Famous People,Music,Actors,Composers,Singers,Musicians,Entertainers,Elvis Presley","Initial value: 49 c",https://colnect.com/stamps/stamp/568153
"Elvis Presley","United States of America","Music Icons","Mi:US 5188BAKB, WAD:US061MS.15",2015-08-12,,,,,"Mini Sheet",Commemorative,"Serpentine Die Cut<i> 10¾</i>","Offset lithography",,Self-Adhesive,"º - No Face Value",16*FOREVER,56145,,,,,,69.85,"Very Low",Multicolor,,,"Famous People,Music,Actors,Composers,Singers,Musicians,Entertainers,Elvis Presley",,https://colnect.com/stamps/stamp/908324
"Elvis Presley","United States of America","Music Icons","Mi:US 5188BB, Sn:US 5009a",2015-08-12,,31,31,"No Watermark",Stamp,Commemorative,Imperforate,"Offset lithography",,Self-Adhesive,"º - No Face Value",FOREVER,56144,48562,,,,568153,83.69,Medium,Multicolor,,,"Famous People,Music,Actors,Composers,Singers,Musicians,Entertainers,Elvis Presley","Initial value: 49 c",https://colnect.com/stamps/stamp/715612
"Ingrid Bergman (1915-1982)","United States of America","Legends of Hollywood","Mi:US 5189BA, Sn:US 5012, Yt:US 4831, Sg:US 5620, WAD:US064.15",2015-08-20,,24.9,39.6,"No Watermark",Stamp,Commemorative,"Serpentine Die Cut<i> 10¾</i>","Offset lithography",,Self-Adhesive,"º - No Face Value",FOREVER,56143,48557,39534,39775,,568154,49.57,High,Multicolor,,,"Famous People,Actors,Women","Initial value: 49 c",https://colnect.com/stamps/stamp/568154
"Ingrid Bergman (1915-1982)","United States of America","Legends of Hollywood","Mi:US 5189BB, Sn:US 5012a",2015-08-20,,25,40,"No Watermark",Stamp,Commemorative,Imperforate,"Offset lithography",,Self-Adhesive,"º - No Face Value",FOREVER,56142,48556,,,,568154,90.05,Low,Multicolor,,,"Famous People,Actors,Women","Postwert zum Ausgabezeitpunkt: 49 c",https://colnect.com/stamps/stamp/715615
"World Stamp Show-NY 2016 - Red","United States of America","World Stamp Show-NY 2016","Mi:US 5190BA, Sn:US 5010, Yt:US 4828, Sg:US 5618, WAD:US063.15",2015-08-20,,24.9,39.6,,Stamp,Commemorative,"Serpentine Die Cut<i> 10¾</i>","Offset lithography",,Self-Adhesive,"º - No Face Value",FOREVER,56141,48561,39537,39778,,,60.09,Medium,Red,,,"Philatelic Exhibitions,Philately","Initial value: 49 c",https://colnect.com/stamps/stamp/568155
"World Stamp Show-NY 2016","United States of America","World Stamp Show-NY 2016","Mi:US 5190BA-5191BA, Sn:US 5011a, Sg:US 5618-5619",2015-08-20,,,,,Se-tenant,Commemorative,"Serpentine Die Cut<i> 10¾</i>","Offset lithography",,Self-Adhesive,"º - No Face Value",2*FOREVER,56140,48559,,39777,,715613,79.68,Low,"Red,Blue",,,"Philatelic Exhibitions,Philately","Se-tenant pair",https://colnect.com/stamps/stamp/715613
"World Stamp Show-NY 2016","United States of America","World Stamp Show-NY 2016","Mi:US 5190BB-5191BB, Sn:US 5011b",2015-08-20,,,,,Se-tenant,Commemorative,Imperforate,"Offset lithography",,Self-Adhesive,"º - No Face Value",2*FOREVER,56139,48558,,,,715613,91.15,Low,"Red,Blue",,,"Philatelic Exhibitions,Philately","Imperforate se-tenant pair",https://colnect.com/stamps/stamp/715614
"World Stamp Show-NY 2016 - Blue","United States of America","World Stamp Show-NY 2016","Mi:US 5191BA, Sn:US 5011, Yt:US 4829, Sg:US 5619, WAD:US062.15",2015-08-20,,24.9,39.6,,Stamp,Commemorative,"Serpentine Die Cut<i> 10¾</i>","Offset lithography",,Self-Adhesive,"º - No Face Value",FOREVER,56138,48560,39536,39776,,,65.27,Medium,Blue,,,"Philatelic Exhibitions,Philately","Initial value: 49 c",https://colnect.com/stamps/stamp/568156
"Neon Celebrate! 2015","United States of America",,"Mi:US 5198, Sn:US 5019, Yt:US 4832, Sg:US 5627, WAD:US065.15",2015-09-09,,30.2,23.1,"No Watermark",Stamp,Commemorative,"Serpentine Die Cut<i> 10¾</i>","Offset lithography",,Self-Adhesive,"º - No Face Value",FOREVER,56130,48547,39533,39767,,,25.76,High,Multicolor,,,"Feasts,Greetings","Initial value: 49 c  inscription and fireworks glows under UV light",https://colnect.com/stamps/stamp/568163
"Paul Newman","United States of America","Paul Newman","Mi:US 5199BA, Sn:US 5020, Yt:US 4833, Sg:US 5628, WAD:US066.15",2015-09-18,,24.9,39.6,"No Watermark",Stamp,Commemorative,"Serpentine Die Cut<i> 10¾</i>","Offset lithography",,Self-Adhesive,"º - No Face Value",FOREVER,56129,48546,39532,39766,,568164,59.77,High,Multicolor,,,"Famous People,Actors,Men","Initial value: 49 c",https://colnect.com/stamps/stamp/568164
"Paul Newman","United States of America","Paul Newman","Mi:US 5199BB, Sn:US 5020a",2015-09-18,,25,40,"No Watermark",Stamp,Commemorative,Imperforate,"Offset lithography",,Self-Adhesive,"º - No Face Value",FOREVER,56128,48545,,,,568164,91.61,Low,Multicolor,,,"Famous People,Actors,Men","Postwert zum Ausgabezeitpunkt: 49 c",https://colnect.com/stamps/stamp/715807
"Charlie Brown Christmas","United States of America","Christmas 2015 - Charlie Brown","Mi:US 5200-5209, Sn:US 5030a, Sg:US 5629-5638",2015-10-01,,,,"No Watermark",Se-tenant,Commemorative,"Serpentine Die Cut<i> 10¾</i>","Offset lithography",,Self-Adhesive,"º - No Face Value",10*FOREVER,56127,48534,,39764,,715808,87.03,Low,Multicolor,,,"Trees,Christmas,Dogs,Cartoons,Comics,Snow,Snowmen,Mailboxes","Block of 10",https://colnect.com/stamps/stamp/715808
"Charlie Brown Christmas","United States of America","Christmas 2015 - Charlie Brown","Mi:US 5200BB-5209B, Sn:US 5030c",2015-10-01,,,,"No Watermark",Se-tenant,Commemorative,Imperforate,"Offset lithography",,Self-Adhesive,"º - No Face Value",10*FOREVER,56126,48532,,,,715808,93.36,Low,Multicolor,,,"Trees,Christmas,Dogs,Cartoons,Comics,Snow,Snowmen,Mailboxes","Imperforate block of 10",https://colnect.com/stamps/stamp/715809
"Charlie Brown with sapling","United States of America","Christmas 2015 - Charlie Brown","Mi:US 5200BE, Sn:US 5021, Yt:US 4834, Sg:US 5629, WAD:US067.15",2015-10-01,,30.2,23.1,"No Watermark",Stamp,Commemorative,"Serpentine Die Cut<i> 10¾</i>","Offset lithography",,Self-Adhesive,"º - No Face Value",FOREVER,56125,48544,39531,39765,,568165,58.7,High,Multicolor,,,"Christmas,Cartoons,Comics,Snow","Initial value: 47 c - Serpentine Die Cut 10¾ on 2 or 3 sides",https://colnect.com/stamps/stamp/568165
"Charlie Brown with sapling","United States of America","Christmas 2015 - Charlie Brown","Mi:US 5200BElu",2015-10-01,,,,,Stamp,Commemorative,"Serpentine Die Cut<i> 10¾</i>","Offset lithography",,Self-Adhesive,"º - No Face Value",FOREVER,56124,,,,,568165,66.35,Medium,Multicolor,,,"Christmas,Cartoons,Comics,Snow","Bottom and left sides imperf.",https://colnect.com/stamps/stamp/676874
"Charlie Brown and Pigpen","United States of America","Christmas 2015 - Charlie Brown","Mi:US 5201BE, Sn:US 5022, Yt:US 4835, Sg:US 5630, WAD:US068.15",2015-10-01,,30.2,23.1,,Stamp,Commemorative,"Serpentine Die Cut<i> 10¾</i>","Offset lithography",,Self-Adhesive,"º - No Face Value",FOREVER,56123,48543,39530,39763,,,53.47,High,Multicolor,,,"Christmas,Cartoons,Comics,Snow,Snowmen","Initial value: 49 c - Serpentine Die Cut 10¾ on 2 or 3 sides",https://colnect.com/stamps/stamp/568166
"Snoopy and children ice skating","United States of America","Christmas 2015 - Charlie Brown","Mi:US 5202BE, Sn:US 5023, Yt:US 4836, Sg:US 5631, WAD:US069.15",2015-10-01,,31,24,,Stamp,Commemorative,"Serpentine Die Cut<i> 10¾</i>","Offset lithography",,Self-Adhesive,"º - No Face Value",FOREVER,56122,48542,39529,39762,,,55.39,High,Multicolor,,,"Christmas,Dogs,Cartoons,Comics,Snow","Initial value: 49 c - Serpentine Die Cut 10¾ on 2 or 3 sides",https://colnect.com/stamps/stamp/568167
"Children singing around the tree","United States of America","Christmas 2015 - Charlie Brown","Mi:US 5203BE, Sn:US 5024, Yt:US 4837, Sg:US 5632, WAD:US070.15",2015-10-01,,31,24,,Stamp,Commemorative,"Serpentine Die Cut<i> 10¾</i>","Offset lithography",,Self-Adhesive,"º - No Face Value",FOREVER,56121,48541,39528,39761,,,56.88,High,Multicolor,,,"Trees,Christmas,Dogs,Cartoons,Comics,Snow","Initial value: 49 c - Serpentine Die Cut 10¾ on 2 or 3 sides",https://colnect.com/stamps/stamp/568168
"Linus by a tree","United States of America","Christmas 2015 - Charlie Brown","Mi:US 5204BD, Sn:US 5025, Yt:US 4838, Sg:US 5633, WAD:US071.15",2015-10-01,,30.2,23.1,"No Watermark",Stamp,Commemorative,"Serpentine Die Cut<i> 10¾</i>","Offset lithography",,Self-Adhesive,"º - No Face Value",FOREVER,56120,48540,39527,39760,,,51.6,High,Multicolor,,,"Trees,Christmas,Cartoons,Comics,Snow","Initial value: 49 c - Serpentine Die Cut 10¾ on 2 or 3 sides",https://colnect.com/stamps/stamp/568169
"Charlie Brown checking his mailbox","United States of America","Christmas 2015 - Charlie Brown","Mi:US 5205BD, Sn:US 5026, Yt:US 4839, Sg:US 5634, WAD:US072.15",2015-10-01,,30.2,23.1,"No Watermark",Stamp,Commemorative,"Serpentine Die Cut<i> 10¾</i>","Offset lithography",,Self-Adhesive,"º - No Face Value",FOREVER,56119,48539,39526,39759,,,53.16,High,Multicolor,,,"Christmas,Cartoons,Comics,Snow,Mailboxes","Initial value: 49 c - Serpentine Die Cut 10¾ on 2 or 3 sides",https://colnect.com/stamps/stamp/568170
"Charlie Brown and Linus by a wall","United States of America","Christmas 2015 - Charlie Brown","Mi:US 5206BD, Sn:US 5027, Yt:US 4840, Sg:US 5635, WAD:US073.15",2015-10-01,,30.2,23.1,"No Watermark",Stamp,Commemorative,"Serpentine Die Cut<i> 10¾</i>","Offset lithography",,Self-Adhesive,"º - No Face Value",FOREVER,56118,48538,39525,39758,,,51.2,High,Multicolor,,,"Christmas,Cartoons,Comics,Snow,Walls","Initial value: 49 c - Serpentine Die Cut 10¾ on 2 or 3 sides",https://colnect.com/stamps/stamp/568171
"Charlie Brown and Linus by a tree","United States of America","Christmas 2015 - Charlie Brown","Mi:US 5207BD, Sn:US 5028, Yt:US 4841, Sg:US 5636, WAD:US074.15",2015-10-01,,30.2,23.1,"No Watermark",Stamp,Commemorative,"Serpentine Die Cut<i> 10¾</i>","Offset lithography",,Self-Adhesive,"º - No Face Value",FOREVER,56117,48537,39524,39757,,,50.66,High,Multicolor,,,"Trees,Christmas,Cartoons,Comics,Snow","Initial value: 49 c - Serpentine Die Cut 10¾ on 2 or 3 sides",https://colnect.com/stamps/stamp/568172
"Charlie Brown frustrated","United States of America","Christmas 2015 - Charlie Brown","Mi:US 5208BD, Sn:US 5029, Yt:US 4842, Sg:US 5637, WAD:US075.15",2015-10-01,,30.2,23.1,"No Watermark",Stamp,Commemorative,"Serpentine Die Cut<i> 10¾</i>","Offset lithography",,Self-Adhesive,"º - No Face Value",FOREVER,56116,48536,39523,39756,,,55.36,High,Multicolor,,,"Christmas,Dogs,Cartoons,Comics,Snow","Initial value: 49 c - Serpentine Die Cut 10¾ on 2 or 3 sides",https://colnect.com/stamps/stamp/568173
"Charlie Brown decorating tree","United States of America","Christmas 2015 - Charlie Brown","Mi:US 5209BD, Sn:US 5030, Yt:US 4843, Sg:US 5638, WAD:US076.15",2015-10-01,,30.2,23.1,"No Watermark",Stamp,Commemorative,"Serpentine Die Cut<i> 10¾</i>","Offset lithography",,Self-Adhesive,"º - No Face Value",FOREVER,56115,48535,39522,39755,,,53.57,High,Multicolor,,,"Trees,Christmas,Cartoons,Comics,Snow","Initial value: 49 c - Serpentine Die Cut 10¾ on 2 or 3 sides",https://colnect.com/stamps/stamp/568174
"Geometric Snowflakes","United States of America","Geometric Snowflakes","Mi:US 5210BB-5213BB, Sn:US 5034c",2015-10-23,,,,"No Watermark",Se-tenant,Commemorative,Imperforate,"Offset lithography",,Self-Adhesive,"º - No Face Value",4*FOREVER,56114,48524,,,,715810,85.39,Low,Multicolor,,,Snow,"Imperforate block of 4",https://colnect.com/stamps/stamp/715811
"Geometric Snowflakes - Purple","United States of America","Geometric Snowflakes","Mi:US 5210BD, Sn:US 5031, Sg:US 5639, WAD:US077.15",2015-10-23,,22.1,24.9,"No Watermark",Stamp,Commemorative,"Serpentine Die Cut<i> 10¾ x 11¼</i>","Offset lithography",,Self-Adhesive,"º - No Face Value",FOREVER,56113,48530,,39754,,,47.22,High,Multicolor,,,Snow,"Initial value: 49 c",https://colnect.com/stamps/stamp/568176
"Geometric Snowflakes","United States of America","Geometric Snowflakes","Mi:US 5210BD-5213BD, Sn:US 5034a, Sg:US 5639-5642",2015-10-23,,,,"No Watermark",Se-tenant,Commemorative,"Serpentine Die Cut<i> 10¾ x 11¼</i>","Offset lithography",,Self-Adhesive,"º - No Face Value",4*FOREVER,56112,48526,,39753,,715810,84.07,Low,Multicolor,,,Snow,"Block of 4",https://colnect.com/stamps/stamp/715810
"Charlie Brown Christmas","United States of America","Christmas 2015 - Charlie Brown","Mi:US MH195, Sn:US 5030b, Yt:US C4834",2015-10-01,,145.8,60.3,"No Watermark",Booklet,Commemorative,"Serpentine Die Cut<i> 10¾</i>","Offset lithography",,Self-Adhesive,"º - No Face Value",20*FOREVER,54979,48533,38705,,,715808,79.4,Medium,Multicolor,,,"Trees,Christmas,Dogs,Cartoons,Comics,Snow,Snowmen,Mailboxes","Booklet pane of 20",https://colnect.com/stamps/stamp/568175
"Medal of Honor 2015","United States of America","Medal of Honor","Sn:US 4988b",2015-05-25,,75,40,"No Watermark",Se-tenant,Commemorative,Imperforate,"Offset lithography",,Self-Adhesive,"º - No Face Value",3*FOREVER,,48596,,,,568142,89.1,Low,Multicolor,,,"Medals and Marks of Honour,Army","Imperforate strip of 3",https://colnect.com/stamps/stamp/715621
"Ingrid Bergman (1915-1982)","United States of America","Legends of Hollywood","Sn:US 5012SH",2015-08-20,,,,,"Mini Sheet",Commemorative,"Serpentine Die Cut<i> 10¾</i>","Offset lithography",,Self-Adhesive,"º - No Face Value",20*FOREVER,,48555,,,,,,,Multicolor,,,"Famous People,Movies,Actors,Women",,https://colnect.com/stamps/stamp/1217882
"Charlie Brown Christmas","United States of America","Christmas 2015 - Charlie Brown","Sn:US 5030d",2015-10-01,,,,"No Watermark","Booklet Pane",Commemorative,Imperforate,"Offset lithography",,Self-Adhesive,"º - No Face Value",20*FOREVER,,48531,,,,715808,93.63,Low,Multicolor,,,"Trees,Christmas,Dogs,Cartoons,Comics,Snow,Snowmen,Mailboxes","Imperforate booklet pane of 20",https://colnect.com/stamps/stamp/715814
"Geometric Snowflakes","United States of America","Geometric Snowflakes","Sn:US 5034b",2015-10-23,,,,"No Watermark","Booklet Pane",Commemorative,"Serpentine Die Cut<i> 10¾ x 11¼</i>","Offset lithography",,Self-Adhesive,"º - No Face Value",20*FOREVER,,48525,,,,715810,92.4,Low,Multicolor,,,Snow,"Block of 20",https://colnect.com/stamps/stamp/715815
"Geometric Snowflakes","United States of America","Geometric Snowflakes","Sn:US 5034d",2015-10-23,,,,"No Watermark","Booklet Pane",Commemorative,Imperforate,"Offset lithography",,Self-Adhesive,"º - No Face Value",20*FOREVER,,48523,,,,715810,90.67,Low,Multicolor,,,Snow,"Imperforate block of 20",https://colnect.com/stamps/stamp/715816
"Bobcat (Lynx rufus)","United States of America","Fauna (2012-2015)","Mi:US 4853II, Sn:US 4672a, Yt:US 4778, Sg:US 5576, WAD:US010.15",2015-02-20,,22,26,"No Watermark",Stamp,Definitive,"Serpentine Die Cut<i> 10</i>","Offset lithography",,Self-Adhesive,"¢ - United States cent",1,56801,49212,39594,39824,,383232,42.8,High,Multicolor,,,"Mammals,Lynx,Animals (Fauna),Wild Cats","Serpentine Die Cut 10 vertical  Dated 2015",https://colnect.com/stamps/stamp/525655
"Fortune’s Holly Fern (Cyrtomium fortunei)","United States of America",Ferns,"Mi:US 5059II, Sn:US 4977, Yt:US 4798, WAD:US027.15",2015-03-27,,22,24.5,"No Watermark",Stamp,Definitive,"Serpentine Die Cut<i> 11 </i>Vertical","Offset lithography",,Self-Adhesive,"º - No Face Value",FOREVER,56407,48623,39573,,,483728,85.59,Medium,Multicolor,,,"Plants (Flora),Ferns","Dated 2014  Microprinted USPS near the end of the upper left fern branch  Initial value 49c",https://colnect.com/stamps/stamp/552130
Ferns,"United States of America",Ferns,"Mi:US 5059II-5063II, Sn:US 4977b",2015-03-27,,,,"No Watermark",Se-tenant,Definitive,"Serpentine Die Cut<i> 11 </i>Vertical","Offset lithography",,Self-Adhesive,"º - No Face Value",5*FOREVER,56406,48621,,,,715195,88.42,Low,Multicolor,,,"Plants (Flora),Ferns","Strip of 5 Dated 2014 Microprinted USPS",https://colnect.com/stamps/stamp/715542
"Fortune’s Holly Fern (Cyrtomium fortunei)","United States of America",Ferns,"Mi:US 5059III, Sn:US 4977a, Yt:US 4803, Sg:US 5589",2015-03-27,,22,24.5,"No Watermark",Stamp,Definitive,"Serpentine Die Cut<i> 11 </i>Vertical","Offset lithography",,Self-Adhesive,"º - No Face Value",FOREVER,56405,48622,39568,39808,,483728,85.87,Medium,Multicolor,,,"Plants (Flora),Ferns","Dated 2015  Microprinted USPS near the end of the upper left fern branch  Initial value 49c",https://colnect.com/stamps/stamp/552131
Ferns,"United States of America",Ferns,"Mi:US 5059III-5063III, Sn:US 4977c, Sg:US 5589-5593",2015-03-27,,,,"No Watermark",Se-tenant,Definitive,"Serpentine Die Cut<i> 11 </i>Vertical","Offset lithography",,Self-Adhesive,"º - No Face Value",5*FOREVER,56404,48620,,39807,,715195,88.26,Low,Multicolor,,,"Plants (Flora),Ferns","Strip of 5 Dated 2015 Microprinted USPS",https://colnect.com/stamps/stamp/715543
"Soft Shield Fern (Polystichum setiferum)","United States of America",Ferns,"Mi:US 5060II, Sn:US 4973, Yt:US 4799, WAD:US023.15",2015-03-27,,22,24.5,"No Watermark",Stamp,Definitive,"Serpentine Die Cut<i> 11 </i>Vertical","Offset lithography",,Self-Adhesive,"º - No Face Value",FOREVER,56402,48631,39572,,,483729,85.24,Medium,Multicolor,,,"Plants (Flora),Ferns","Dated 2014  Microprinted USPS near the base of the fern's stem  Initial value 49c",https://colnect.com/stamps/stamp/552132
"Soft Shield Fern (Polystichum setiferum)","United States of America",Ferns,"Mi:US 5060III, Sn:US 4973a, Yt:US 4804, Sg:US 5590",2015-03-27,,,,"No Watermark",Stamp,Definitive,"Serpentine Die Cut<i> 11 </i>Vertical","Offset lithography",,Self-Adhesive,"º - No Face Value",FOREVER,56401,48630,39567,39806,,483729,87.44,Medium,Multicolor,,,"Plants (Flora),Ferns","Dated 2015  Microprinted USPS near the base of the fern's stem  Initial value 49c",https://colnect.com/stamps/stamp/552133
"Autumn Fern (Dryopteris erythrosora)","United States of America",Ferns,"Mi:US 5061II, Sn:US 4974, Yt:US 4800, WAD:US024.15",2015-03-27,,22,24.5,"No Watermark",Stamp,Definitive,"Serpentine Die Cut<i> 11 </i>Vertical","Offset lithography",,Self-Adhesive,"º - No Face Value",FOREVER,56399,48629,39571,,,483730,83.47,Medium,Multicolor,,,"Plants (Flora),Ferns","Dated 2014  Microprinted USPS near the base of the fern's stem  Initial value 49c",https://colnect.com/stamps/stamp/552134
"Autumn Fern (Dryopteris erythrosora)","United States of America",Ferns,"Mi:US 5061III, Sn:US 4974a, Yt:US 4805, Sg:US 5591",2015-03-27,,,,"No Watermark",Stamp,Definitive,"Serpentine Die Cut<i> 11 </i>Vertical","Offset lithography",,Self-Adhesive,"º - No Face Value",FOREVER,56398,48628,39566,39805,,483730,87.15,Medium,Multicolor,,,"Plants (Flora),Ferns","Dated 2015  Microprinted USPS near the base of the fern's stem  Initial value 49c",https://colnect.com/stamps/stamp/552135
"Goldie's Wood Fern (Dryopteris goldiana)","United States of America",Ferns,"Mi:US 5062II, Sn:US 4975, Yt:US 4801, WAD:US025.15",2015-03-27,,22,24.5,"No Watermark",Stamp,Definitive,"Serpentine Die Cut<i> 11 </i>Vertical","Offset lithography",,Self-Adhesive,"º - No Face Value",FOREVER,56396,48627,39570,,,483731,84.54,Medium,Multicolor,,,"Plants (Flora),Ferns","Dated 2014  Microprinted USPS near the base of the fern's stem  Initial value 49c",https://colnect.com/stamps/stamp/552136
"Goldie's Wood Fern (Dryopteris goldiana)","United States of America",Ferns,"Mi:US 5062III, Sn:US 4975a, Yt:US 4806, Sg:US 5592",2015-03-27,,22,24.5,"No Watermark",Stamp,Definitive,"Serpentine Die Cut<i> 11 </i>Vertical","Offset lithography",,Self-Adhesive,"º - No Face Value",FOREVER,56395,48626,39565,39804,,483731,87.5,Medium,Multicolor,,,"Plants (Flora),Ferns","Dated 2015  Microprinted USPS near the base of the fern's stem  Initial value 49c",https://colnect.com/stamps/stamp/552137
"Painted Fern (Athyrium niponicum)","United States of America",Ferns,"Mi:US 5063II, Sn:US 4976, Yt:US 4802, WAD:US026.15",2015-03-27,,22,24.5,"No Watermark",Stamp,Definitive,"Serpentine Die Cut<i> 11 </i>Vertical","Offset lithography",,Self-Adhesive,"º - No Face Value",FOREVER,56393,48625,39569,,,483732,87.18,Medium,Multicolor,,,"Plants (Flora),Ferns","Dated 2014  Microprinted USPS near the base of the fern's stem  Initial value 49c",https://colnect.com/stamps/stamp/552138
"Painted Fern (Athyrium niponicum)","United States of America",Ferns,"Mi:US 5063III, Sn:US 4976a, Yt:US 4807, Sg:US 5593",2015-03-27,,22,24.5,"No Watermark",Stamp,Definitive,"Serpentine Die Cut<i> 11 </i>Vertical","Offset lithography",,Self-Adhesive,"º - No Face Value",FOREVER,56392,48624,39564,39803,,483732,87.35,Medium,Multicolor,,,"Plants (Flora),Ferns","Dated 2015  Microprinted USPS near the base of the fern's stem  Initial value 49c",https://colnect.com/stamps/stamp/552139
"Patriotic waves","United States of America","Patriotic waves","Mi:US 5142BA, Sn:US 4953, Yt:US 4774, Sg:US 5568, WAD:US002.15",2015-01-12,,37,25,"No Watermark",Stamp,Definitive,"Serpentine Die Cut<i> 10¾</i>","Offset lithography",,Self-Adhesive,"$ - United States dollar",1,56236,48668,39598,39833,,525648,17.52,"Very High",Multicolor,,,"Numbers,Letters (Alphabet)",,https://colnect.com/stamps/stamp/525648
"Patriotic waves","United States of America","Patriotic waves","Mi:US 5142BB, Sn:US 4953a",2015-01-12,,,,"No Watermark",Stamp,Definitive,Imperforate,"Offset lithography",,Self-Adhesive,"$ - United States dollar",1,56235,48667,,,,525648,74.03,Medium,Multicolor,,,"Numbers,Letters (Alphabet)",,https://colnect.com/stamps/stamp/715457
"Patriotic waves","United States of America","Patriotic waves","Mi:US 5143BA, Sn:US 4954, Yt:US 4777, Sg:US 5571, WAD:US005.15",2015-01-30,,40,25,"No Watermark",Stamp,Definitive,"Serpentine Die Cut<i> 10¾</i>","Offset lithography",,Self-Adhesive,"$ - United States dollar",2,56234,48666,39595,39829,,525649,50.66,High,Multicolor,,,"Geometric Shapes",,https://colnect.com/stamps/stamp/525649
"Patriotic waves","United States of America","Patriotic waves","Mi:US 5143BB, Sn:US 4954a",2015-01-30,,,,"No Watermark",Stamp,Definitive,Imperforate,"Offset lithography",,Self-Adhesive,"$ - United States dollar",2,56233,48665,,,,525649,83.36,Medium,Multicolor,,,"Numbers,Letters (Alphabet)",,https://colnect.com/stamps/stamp/715458
"Stars & Stripes (left) Presort","United States of America","Stars & Stripes Presorted Rate (2015)","Mi:US 5150, Sn:US 4961, Yt:US PR109, Sg:US 5577, WAD:US011.15",2015-02-27,,23,25,"No Watermark",Stamp,Definitive,"Serpentine Die Cut<i> 10¾</i>","Offset lithography",,Self-Adhesive,"º - No Face Value","Presorted Std",56220,48652,37781,39823,,,29.28,High,Multicolor,,,Flags,"Serpentine Die Cut 10¾ vertical  ""USA"" in red",https://colnect.com/stamps/stamp/552126
"Stars & Stripes Presort","United States of America","Stars & Stripes Presorted Rate (2015)","Mi:US 5150-5152, Sn:US 4963a, Sg:US 5577-5579",2015-02-27,,,,"No Watermark",Se-tenant,Definitive,"Serpentine Die Cut<i> 10¾</i>","Offset lithography",,Self-Adhesive,"º - No Face Value","3*Presorted Std",56219,48648,,39822,,,73.03,Low,Multicolor,,,Flags,"Coil strip of 3",https://colnect.com/stamps/stamp/715441
"Stars & Stripes (middle) Presort","United States of America","Stars & Stripes Presorted Rate (2015)","Mi:US 5151, Sn:US 4962, Yt:US PR107, Sg:US 5578, WAD:US012.15",2015-02-27,,23,25,"No Watermark",Stamp,Definitive,"Serpentine Die Cut<i> 10¾</i>","Offset lithography",,Self-Adhesive,"º - No Face Value","Presorted Std",56218,48651,37783,39821,,552127,30.93,High,Multicolor,,,Flags,"Serpentine Die Cut 10¾ vertical",https://colnect.com/stamps/stamp/552127
"Stars & Stripes (right) Presort","United States of America","Stars & Stripes Presorted Rate (2015)","Mi:US 5152, Sn:US 4963, Yt:US PR108, Sg:US 5579, WAD:US013.15",2015-02-27,,23,25,"No Watermark",Stamp,Definitive,"Serpentine Die Cut<i> 10¾</i>","Offset lithography",,Self-Adhesive,"º - No Face Value","Presorted Std",56217,48649,37782,39820,,,32.09,High,Multicolor,,,Flags,"Serpentine Die Cut 10¾ vertical",https://colnect.com/stamps/stamp/552128
"Water Lilies","United States of America","Water Lilies","Mi:US 5153BB-5156BB, Sn:US 4967c",2015-03-20,,,,"No Watermark",Se-tenant,Definitive,Imperforate,"Offset lithography",,Self-Adhesive,"º - No Face Value",4*FOREVER,56216,48641,,,,552129,83.71,Low,Multicolor,,,"Flowers,Plants (Flora)","Imperforate block of 4",https://colnect.com/stamps/stamp/715442
"Water Lilies: light pink","United States of America","Water Lilies","Mi:US 5153BD, WAD:US015.15",2015-03-20,,25,22,,Stamp,Definitive,"Serpentine Die Cut<i> 10¾ x 11¼</i>","Offset lithography",,Self-Adhesive,"º - No Face Value",FOREVER,56215,,,,,552169,55.45,Low,Multicolor,,,"Flowers,Water,Plants (Flora),Aquatic Plants,Lilies (Flower)","Imperforate left",https://colnect.com/stamps/stamp/963781
"Water Lilies","United States of America","Water Lilies","Mi:US 5153BD-5156BD, Sn:US 4967a, Yt:US 4781-4784, Sg:US 5580-5583",2015-03-20,,,,"No Watermark",Se-tenant,Definitive,"Serpentine Die Cut<i> 10¾ x 11¼</i>","Offset lithography",,Self-Adhesive,"º - No Face Value",4*FOREVER,56214,48643,39590,39818,,552129,78.79,Medium,Multicolor,,,"Flowers,Plants (Flora)","Block of 4",https://colnect.com/stamps/stamp/552129
"Water Lilies: light pink","United States of America","Water Lilies","Mi:US 5153BE, Sn:US 4964, Yt:US 4781, Sg:US 5580",2015-03-20,,25,22,"No Watermark",Stamp,Definitive,"Serpentine Die Cut<i> 10¾ x 11¼</i>","Offset lithography",,Self-Adhesive,"º - No Face Value",FOREVER,56213,48647,39591,39819,,552169,48.47,High,Multicolor,,,"Flowers,Plants (Flora)","Initial value: 49 c - Serpentine Die Cut 10¾ x 11¼ on 2 or 3 sides",https://colnect.com/stamps/stamp/552169
"Water Lilies: bright pink","United States of America","Water Lilies","Mi:US 5154BE, Sn:US 4965, Yt:US 4782, Sg:US 5581, WAD:US016.15",2015-03-20,,25,22,"No Watermark",Stamp,Definitive,"Serpentine Die Cut<i> 10¾ x 11¼</i>","Offset lithography",,Self-Adhesive,"º - No Face Value",FOREVER,56212,48646,39589,39817,,,48.87,High,Multicolor,,,"Flowers,Plants (Flora)","Initial value: 49 c - Serpentine Die Cut 10¾ x 11¼ on 2 or 3 sides",https://colnect.com/stamps/stamp/552170
"Water Lilies: purple","United States of America","Water Lilies","Mi:US 5155BD, Sn:US 4966, Yt:US 4783, Sg:US 5582, WAD:US017.15",2015-03-20,,,,"No Watermark",Stamp,Definitive,"Serpentine Die Cut<i> 10¾ x 11¼</i>","Offset lithography",,Self-Adhesive,"º - No Face Value",FOREVER,56211,48645,39588,39816,,,45.12,High,Multicolor,,,"Flowers,Plants (Flora)","Initial value: 49 c - Serpentine Die Cut 10¾ x 11¼ on 2 or 3 sides",https://colnect.com/stamps/stamp/552171
"Water Lilies: white","United States of America","Water Lilies","Mi:US 5156BD, Sn:US 4967, Yt:US 4784, Sg:US 5583, WAD:US014.15",2015-03-20,,25,22,"No Watermark",Stamp,Definitive,"Serpentine Die Cut<i> 10¾ x 11¼</i>","Offset lithography",,Self-Adhesive,"º - No Face Value",FOREVER,56210,48644,39587,39815,,,47.06,High,Multicolor,,,"Flowers,Plants (Flora),Lilies (Flower)","Initial value: 49 c - Serpentine Die Cut 10¾ x 11¼ on 2 or 3 sides",https://colnect.com/stamps/stamp/552172
"Emperor Penguin (Aptenodytes forsteri)","United States of America","Wildlife Issue","Mi:US 5173BA, Sn:US 4989, Yt:US 4814, Sg:US 5601, WAD:US049.15",2015-06-01,,22.5,26,"No Watermark",Stamp,Definitive,"Serpentine Die Cut<i> 11</i>","Offset lithography",,Self-Adhesive,"º - No Face Value",AdditionalOunce,56178,48595,39556,39798,,552160,23.65,"Very High",Multicolor,,,"Birds,Penguins,Animals (Fauna)","Additional ounce - Initial value 22 cents",https://colnect.com/stamps/stamp/552160
"Emperor Penguin (Aptenodytes forsteri)","United States of America","Wildlife Issue","Mi:US 5173BC, Sn:US 4990, Yt:US 4814a, WAD:US050.15",2015-06-01,,22.1,24.9,"No Watermark",Stamp,Definitive,"Serpentine Die Cut<i> 11 </i>Vertical","Offset lithography",,Self-Adhesive,"º - No Face Value",AdditionalOunce,56176,48593,39555,,,552160,43.27,High,Multicolor,,,"Birds,Penguins,Animals (Fauna)","Coil stamp.  Top and bottom edges imperforate.  Additional ounce - Initial value 22 cents",https://colnect.com/stamps/stamp/568143
"Red Knot (Calidris canutus)","United States of America","Coastal Birds","Mi:US 5174BA, Sn:US 4991, Yt:US 4815, Sg:US 5603, WAD:US041.15",2015-06-01,,21,25,,Stamp,Definitive,"Serpentine Die Cut<i> 11 x 10¾</i>","Offset lithography",,Self-Adhesive,"º - No Face Value",Postcard,56175,48591,39554,39795,,552152,53.71,High,Multicolor,,,"Stylized Animals,Birds,Animals (Fauna)","post card rate - initial value 35 cents",https://colnect.com/stamps/stamp/552152
"Coastal Birds","United States of America","Coastal Birds","Mi:US 5174BA-5177BA, Sn:US 4994a, Sg:US 5602-5605",2015-06-01,,42,50,,Se-tenant,Definitive,"Serpentine Die Cut<i> 11 x 10¾</i>","Offset lithography",,Self-Adhesive,"º - No Face Value",4*Postcard,56174,48587,,39796,,715604,73.47,Medium,Multicolor,,,"Stylized Animals,Birds,Animals (Fauna)","Red Knot (Calidris canutus), King Eider (Somateria spectabilis), Roseate Spoonbill (Platalea ajaja), Magnificent Frigatebird (Fregata magnificens)    Block of 4",https://colnect.com/stamps/stamp/715604
"Coastal Birds","United States of America","Coastal Birds","Mi:US 5174BB-5177BB, Sn:US 4994b",2015-06-01,,,,,Se-tenant,Definitive,Imperforate,"Offset lithography",,Self-Adhesive,"º - No Face Value",4*Postcard,56173,48586,,,,715604,89.93,Low,Multicolor,,,"Stylized Animals,Birds,Animals (Fauna)","Red Knot (Calidris canutus), King Eider (Somateria spectabilis), Roseate Spoonbill (Platalea ajaja), Magnificent Frigatebird (Fregata magnificens)    Imperforate block of 4",https://colnect.com/stamps/stamp/715605
"Red Knot (Calidris canutus) - coil","United States of America","Coastal Birds","Mi:US 5174BG, Sn:US 4997, Yt:US 4815a, Sg:US 5607, WAD:US045.15",2015-06-01,,21.4,24.9,,Stamp,Definitive,"Serpentine Die Cut<i>  9½ </i>Vertical","Offset lithography",,Self-Adhesive,"º - No Face Value",Postcard,56172,48583,39553,39790,,552152,55,Medium,Multicolor,,,"Stylized Animals,Birds,Animals (Fauna)","post card rate - initial value 35 cents",https://colnect.com/stamps/stamp/568146
"Coastal Birds","United States of America","Coastal Birds","Mi:US 5174BG-5177BG, Sn:US 4998a, Sg:US 5606-5609",2015-06-01,,84,25,,Se-tenant,Definitive,"Serpentine Die Cut<i>  9½ </i>Vertical","Offset lithography",,Self-Adhesive,"º - No Face Value",4*Postcard,56171,48581,,39791,,715604,85.48,Low,Multicolor,,,"Stylized Animals,Birds,Animals (Fauna)","Red Knot (Calidris canutus), King Eider (Somateria spectabilis), Roseate Spoonbill (Platalea ajaja), Magnificent Frigatebird (Fregata magnificens)    Horizontal strip of 4",https://colnect.com/stamps/stamp/715606
"King Eider (Somateria spectabilis)","United States of America","Coastal Birds","Mi:US 5175BA, Sn:US 4992, Yt:US 4817, Sg:US 5602, WAD:US042.15",2015-06-01,,21,25,,Stamp,Definitive,"Serpentine Die Cut<i> 11 x 10¾</i>","Offset lithography",,Self-Adhesive,"º - No Face Value",Postcard,56170,48590,39550,39797,,552151,51.49,High,Multicolor,,,"Stylized Animals,Birds,Animals (Fauna)","post card rate - initial value 35 cents",https://colnect.com/stamps/stamp/552151
"King Eider (Somateria spectabilis) - coil","United States of America","Coastal Birds","Mi:US 5175BG, Sn:US 4998, Yt:US 4817a, Sg:US 5606, WAD:US046.15",2015-06-01,,21.4,24.9,,Stamp,Definitive,"Serpentine Die Cut<i>  9½ </i>Vertical","Offset lithography",,Self-Adhesive,"º - No Face Value",Postcard,56169,48582,39549,39792,,552151,52.06,High,Multicolor,,,"Stylized Animals,Birds,Animals (Fauna)","post card rate - initial value 35 cents",https://colnect.com/stamps/stamp/568147
"Roseate Spoonbill (Platalea ajaja)","United States of America","Coastal Birds","Mi:US 5176BA, Sn:US 4993, Yt:US 4816, Sg:US 5605, WAD:US043.15",2015-06-01,,21,25,,Stamp,Definitive,"Serpentine Die Cut<i> 11 x 10¾</i>","Offset lithography",,Self-Adhesive,"º - No Face Value",Postcard,56168,48589,39552,39793,,552153,50.75,High,Multicolor,,,"Stylized Animals,Birds,Animals (Fauna)","post card rate - initial value 35 cents",https://colnect.com/stamps/stamp/552153
"Roseate Spoonbill (Platalea ajaja)","United States of America","Coastal Birds","Mi:US 5176BG, Sn:US 4995, Yt:US 4816a, Sg:US 5609, WAD:US047.15",2015-06-01,,21.4,24.9,,Stamp,Definitive,"Serpentine Die Cut<i>  9½ </i>Vertical","Offset lithography",,Self-Adhesive,"º - No Face Value",Postcard,56167,48585,39551,39788,,552153,53.11,Medium,Multicolor,,,"Stylized Animals,Birds,Animals (Fauna)","post card rate - initial value 35 cents",https://colnect.com/stamps/stamp/568144
"Magnificent Frigatebird (Fregata magnificens)","United States of America","Coastal Birds","Mi:US 5177BA, Sn:US 4994, Yt:US 4818, Sg:US 5604, WAD:US044.15",2015-06-01,,21,25,,Stamp,Definitive,"Serpentine Die Cut<i> 11 x 10¾</i>","Offset lithography",,Self-Adhesive,"º - No Face Value",Postcard,56166,48588,39548,39794,,552150,51.61,High,Multicolor,,,"Stylized Animals,Birds,Animals (Fauna)","post card rate - initial value 35 cents",https://colnect.com/stamps/stamp/552150
"Magnificent Frigatebird (Fregata magnificens)","United States of America","Coastal Birds","Mi:US 5177BG, Sn:US 4996, Yt:US 4818a, Sg:US 5608, WAD:US048.15",2015-06-01,,21.4,24.9,,Stamp,Definitive,"Serpentine Die Cut<i>  9½ </i>Vertical","Offset lithography",,Self-Adhesive,"º - No Face Value",Postcard,56165,48584,39547,39789,,552150,51.72,High,Multicolor,,,"Stylized Animals,Birds,Animals (Fauna)","post card rate - initial value 35 cents",https://colnect.com/stamps/stamp/568145
"Eastern Tiger Swallowtail (Papilio glaucus)","United States of America",Butterflies,"Mi:US 5178BA, Sn:US 4999, Yt:US 4813, Sg:US 5610, WAD:US054.15",2015-06-01,,31.5,31.5,,Stamp,Definitive,"Serpentine Die Cut<i> 10¾</i>","Offset lithography",,Self-Adhesive,"º - No Face Value",Non-Machineable,56164,48580,39557,39787,,552149,24.31,"Very High",Multicolor,,,"Insects,Butterflies,Animals (Fauna)","Non-machineable surcharge - Initial value 71 cents",https://colnect.com/stamps/stamp/552149
"Eastern Tiger Swallowtail (Papilio glaucus)","United States of America",Butterflies,"Mi:US 5178BB, Sn:US 4999a",2015-06-01,,31.5,31.5,,Stamp,Definitive,Imperforate,"Offset lithography",,Self-Adhesive,"º - No Face Value",Non-Machineable,56163,48579,,,,552149,81.17,Medium,Multicolor,,,"Insects,Butterflies,Animals (Fauna)",,https://colnect.com/stamps/stamp/715607
"Summer Harvest","United States of America","Summer Harvest","Mi:US 5183BB-5186BB, Sn:US 5007c",2015-07-11,,,,,Se-tenant,Definitive,Imperforate,"Offset lithography",,Self-Adhesive,"º - No Face Value",4*FOREVER,56157,48567,,,,715609,79.32,Low,Multicolor,,,"Fruits,Plants (Flora),Vegetables","Imperforate block of 4",https://colnect.com/stamps/stamp/715610
"Harvest: Watermelons","United States of America","Summer Harvest","Mi:US 5183BD, Sn:US 5004, Yt:US 4823, Sg:US 5612",2015-07-11,,22.1,24.9,,Stamp,Definitive,"Serpentine Die Cut<i> 10¾ x 10¼</i>","Offset lithography",,Self-Adhesive,"º - No Face Value",FOREVER,56156,48573,39542,39785,,568148,45.3,High,Multicolor,,,"Fruits,Plants (Flora)","Initial value: 49 c  Serpentine Die Cut 10¾ x 10¼ on 2 or 3 sides",https://colnect.com/stamps/stamp/568148
"Summer Harvest","United States of America","Summer Harvest","Mi:US 5183BD-5186BD, Sn:US 5007a, Sg:US 5612-5615",2015-07-11,,,,,Se-tenant,Definitive,"Serpentine Die Cut<i> 10¾ x 10¼</i>","Offset lithography",,Self-Adhesive,"º - No Face Value",4*FOREVER,56155,48569,,39784,,715609,81.32,Low,Multicolor,,,"Fruits,Plants (Flora),Vegetables","Block of 4",https://colnect.com/stamps/stamp/715609
"Harvest: Watermelons","United States of America","Summer Harvest","Mi:US 5183BE, WAD:US056.15",2015-07-11,,22.1,24.9,"No Watermark",Stamp,Definitive,"Serpentine Die Cut<i> 10¾ x 10¼</i>","Offset lithography",,Self-Adhesive,"º - No Face Value",FOREVER,56154,,,,,568148,59.8,"Very Low",Multicolor,,,"Fruits,Plants (Flora)","Imperforate Left and Top.",https://colnect.com/stamps/stamp/1132053
"Harvest: Sweet Corn","United States of America","Summer Harvest","Mi:US 5184BD, Sn:US 5005, Yt:US 4824, Sg:US 5613, WAD:US057.15",2015-07-11,,22.1,24.9,"No Watermark",Stamp,Definitive,"Serpentine Die Cut<i> 10¾ x 10¼</i>","Offset lithography",,Self-Adhesive,"º - No Face Value",FOREVER,56153,48572,39541,39783,,568149,42.5,High,Multicolor,,,"Plants (Flora),Vegetables","Initial value: 49 c.  Imperforate Top.",https://colnect.com/stamps/stamp/568149
"Harvest: Sweet Corn","United States of America","Summer Harvest","Mi:US 5184BE",2015-07-11,,22.1,24.9,"No Watermark",Stamp,Definitive,"Serpentine Die Cut<i> 10¾ x 10¼</i>","Offset lithography",,Self-Adhesive,"º - No Face Value",FOREVER,56152,,,,,568149,54.32,"Very Low",Multicolor,,,"Plants (Flora),Vegetables","Imperforate Right and Top.",https://colnect.com/stamps/stamp/1132054
"Harvest: Cantaloupes","United States of America","Summer Harvest","Mi:US 5185BD, Sn:US 5006, Yt:US 4825, Sg:US 5614",2015-07-11,,22.1,24.9,"No Watermark",Stamp,Definitive,"Serpentine Die Cut<i> 10¾ x 10¼</i>","Offset lithography",,Self-Adhesive,"º - No Face Value",FOREVER,56151,48571,39540,39782,,568150,44.65,High,Multicolor,,,"Fruits,Plants (Flora)","Initial value: 49 c  Serpentine Die Cut 10¾ x 10¼ on 2 or 3 sides",https://colnect.com/stamps/stamp/568150
Cantaloupes,"United States of America","Summer Harvest","Mi:US 5185BDlu, WAD:US058.15",2015-07-11,,23,25,,Stamp,Definitive,"Serpentine Die Cut<i> 10¾ x 10¼</i>","Offset lithography",,Self-Adhesive,"º - No Face Value",FOREVER,56150,,,,,568150,48.61,Medium,Multicolor,,,"Fruits,Plants (Flora)","Booklet single imperf at left and bottom",https://colnect.com/stamps/stamp/794877
"Harvest: Tomatoes","United States of America","Summer Harvest","Mi:US 5186BD, Sn:US 5007, Yt:US 4826, Sg:US 5615, WAD:US059.15",2015-07-11,,22.1,24.9,"No Watermark",Stamp,Definitive,"Serpentine Die Cut<i> 10¾ x 10¼</i>","Offset lithography",,Self-Adhesive,"º - No Face Value",FOREVER,56149,48570,39539,39781,,,42.2,High,Multicolor,,,"Fruits,Plants (Flora),Vegetables","Initial value: 49 c  Serpentine Die Cut 10¾ x 10¼ on 2 or 3 sides",https://colnect.com/stamps/stamp/568151
"Blue Spectrum Eagle","United States of America","Spectrum Eagle 2015","Mi:US 5192, Sn:US 5015, Yt:US PR115, Sg:US 5625",2015-09-02,,22.1,24.9,"No Watermark",Stamp,Definitive,"Serpentine Die Cut<i> 10½</i>","Offset lithography",,Self-Adhesive,"º - No Face Value","Presorted First",56137,48552,37775,39769,,412344,65.74,Medium,Multicolor,,,"Stylized Animals,Birds,Birds of Prey,Eagles,Animals (Fauna)","Serpentine Die Cut 10½ vertical  Dated 2015 -Initial value: 25c",https://colnect.com/stamps/stamp/568159
"Spectrum Eagle","United States of America","Spectrum Eagle 2015","Mi:US 5192-5197, Sn:US 5018a, Sg:US 5621-5626",2015-09-02,,,,"No Watermark",Se-tenant,Definitive,"Serpentine Die Cut<i> 10½</i>","Offset lithography",,Self-Adhesive,"º - No Face Value","Presorted First",56136,48548,,39773,,383211,85.96,Low,Multicolor,,,"Stylized Animals,Birds,Birds of Prey,Eagles,Animals (Fauna)","Strip of 6 Serpentine Die Cut 10½ vertical",https://colnect.com/stamps/stamp/715806
"Red-Violet Spectrum Eagle","United States of America","Spectrum Eagle 2015","Mi:US 5193, Sn:US 5016, Yt:US PR110, Sg:US 5626",2015-09-02,,22.1,24.9,"No Watermark",Stamp,Definitive,"Serpentine Die Cut<i> 10½</i>","Offset lithography",,Self-Adhesive,"º - No Face Value","Presorted First",56135,48551,37780,39768,,412345,66.71,Medium,"Multicolor,Lilac",,,"Stylized Animals,Birds,Birds of Prey,Eagles,Animals (Fauna)","Serpentine Die Cut 10½ vertical  Dated 2015 - Initial value: 25c",https://colnect.com/stamps/stamp/568160
"Brown-Orange Spectrum Eagle","United States of America","Spectrum Eagle 2015","Mi:US 5194, Sn:US 5017, Yt:US PR111, Sg:US 5621",2015-09-02,,22.1,24.9,"No Watermark",Stamp,Definitive,"Serpentine Die Cut<i> 10½</i>","Offset lithography",,Self-Adhesive,"º - No Face Value","Presorted First",56134,48550,37779,39774,,412346,64.86,Medium,"Multicolor,Yellowish orange",,,"Stylized Animals,Birds,Birds of Prey,Eagles,Animals (Fauna)","Serpentine Die Cut 10½ vertical  Dated 2015 - Initial value: 25c",https://colnect.com/stamps/stamp/568161
"Yellow-Orange Spectrum Eagle","United States of America","Spectrum Eagle 2015","Mi:US 5195, Sn:US 5018, Yt:US PR112, Sg:US 5622",2015-09-02,,22.1,24.9,"No Watermark",Stamp,Definitive,"Serpentine Die Cut<i> 10½</i>","Offset lithography",,Self-Adhesive,"º - No Face Value","Presorted First",56133,48549,37778,39772,,412347,64.95,Medium,"Multicolor,Orange yellow",,,"Stylized Animals,Birds,Birds of Prey,Eagles,Animals (Fauna)","Serpentine Die Cut 10½ vertical  Dated 2015 -Initial value: 25c",https://colnect.com/stamps/stamp/568162
"Green Spectrum Eagle","United States of America","Spectrum Eagle 2015","Mi:US 5196, Sn:US 5013, Yt:US PR113, Sg:US 5623",2015-09-02,,22.1,24.9,"No Watermark",Stamp,Definitive,"Serpentine Die Cut<i> 10½</i>","Offset lithography",,Self-Adhesive,"º - No Face Value","Presorted First",56132,48554,37777,39771,,412342,67.02,Medium,"Multicolor,Yellowish green",,,"Stylized Animals,Birds,Birds of Prey,Eagles,Animals (Fauna)","Serpentine Die Cut 10½ vertical  Dated 2015 -Initial value: 25c",https://colnect.com/stamps/stamp/568157
"Blue-Green Spectrum Eagle","United States of America","Spectrum Eagle 2015","Mi:US 5197, Sn:US 5014, Yt:US PR114, Sg:US 5624",2015-09-02,,22.1,24.9,"No Watermark",Stamp,Definitive,"Serpentine Die Cut<i> 10½</i>","Offset lithography",,Self-Adhesive,"º - No Face Value","Presorted First",56131,48553,37776,39770,,412343,67.06,Medium,"Multicolor,Green blue",,,"Stylized Animals,Birds,Birds of Prey,Eagles,Animals (Fauna)","Serpentine Die Cut 10½ vertical  Dated 2015 -Initial value: 25c",https://colnect.com/stamps/stamp/568158
"Geometric Snowflakes - blue","United States of America","Geometric Snowflakes","Mi:US 5211BD, Sn:US 5032, Sg:US 5640, WAD:US078.15",2015-10-23,,22.1,24.9,"No Watermark",Stamp,Definitive,"Serpentine Die Cut<i> 10¾ x 11¼</i>","Offset lithography",,Self-Adhesive,"º - No Face Value",FOREVER,56111,48529,,39752,,,47.75,High,Multicolor,,,Snow,"Initial value: 49 c",https://colnect.com/stamps/stamp/568178
"Geometric Snowflakes - Green","United States of America","Geometric Snowflakes","Mi:US 5212BD, Sn:US 5033, Sg:US 5641, WAD:US079.15",2015-10-23,,22.1,24.9,"No Watermark",Stamp,Definitive,"Serpentine Die Cut<i> 10¾ x 11¼</i>","Offset lithography",,Self-Adhesive,"º - No Face Value",FOREVER,56110,48528,,39751,,,48.43,High,Multicolor,,,Snow,"Initial value: 49 c",https://colnect.com/stamps/stamp/568179
"Geometric Snowflakes - Pink","United States of America","Geometric Snowflakes","Mi:US 5213BD, Sn:US 5034, Sg:US 5642, WAD:US080.15",2015-10-23,,22.1,24.9,"No Watermark",Stamp,Definitive,"Serpentine Die Cut<i> 10¾ x 11¼</i>","Offset lithography",,Self-Adhesive,"º - No Face Value",FOREVER,56109,48527,,39750,,568177,47.95,High,Multicolor,,,Snow,"Initial value: 49 c    Imperforate bottom",https://colnect.com/stamps/stamp/568177
"Geometric Snowflakes - Pink","United States of America","Geometric Snowflakes","Mi:US 5213BEru",2015-10-23,,,,,Stamp,Definitive,"Serpentine Die Cut<i> 10¾ x 11¼</i>","Offset lithography",,Self-Adhesive,"º - No Face Value",FOREVER,56108,,,,,568177,58.93,"Very Low",Multicolor,,,Snow,"Initial value: 49 c    Imperforate right and bottom",https://colnect.com/stamps/stamp/1075648
"Purple Heart","United States of America","Purple Heart","Mi:US A5213, Sn:US 5035",2015-10,,,,"No Watermark",Stamp,Definitive,"Serpentine Die Cut<i> 11</i>","Offset lithography",,Self-Adhesive,"º - No Face Value",FOREVER,55288,48522,,,,383238,33.36,Medium,Multicolor,,,"Medals and Marks of Honour,Coats of Arms,Hearts","Dated 2014 in purple.  Microprinted USPS At Left of Ribbon.  Initial value 49c",https://colnect.com/stamps/stamp/715812
"Stars & Stripes (middle) Presort - B111 variant","United States of America","Stars & Stripes Presorted Rate (2015)","Sn:US 4962-PNC",2015-02-27,,,,"No Watermark",Stamp,Definitive,"Serpentine Die Cut<i> 10¾</i>","Offset lithography",,Self-Adhesive,"º - No Face Value","Presorted Std",,48650,,,,552127,,,Multicolor,,,Flags,"Plate number single, plate number B111",https://colnect.com/stamps/stamp/1131162
"Water Lilies","United States of America","Water Lilies","Sn:US 4967b",2015-03-20,,,,"No Watermark","Booklet Pane",Definitive,"Serpentine Die Cut<i> 10¾ x 11¼</i>","Offset lithography",,Self-Adhesive,"º - No Face Value",20*FOREVER,,48642,,,,552129,90.42,Low,Multicolor,,,"Flowers,Plants (Flora)","Booklet pane of 20",https://colnect.com/stamps/stamp/715454
"Water Lilies","United States of America","Water Lilies","Sn:US 4967d",2015-03-20,,,,"No Watermark","Booklet Pane",Definitive,Imperforate,"Offset lithography",,Self-Adhesive,"º - No Face Value",20*FOREVER,,48640,,,,552129,91.49,Low,Multicolor,,,"Flowers,Plants (Flora)","Imperforate booklet pane of 20",https://colnect.com/stamps/stamp/715455
"Summer Harvest","United States of America","Summer Harvest","Sn:US 5007b",2015-07-11,,,,,"Booklet Pane",Definitive,"Serpentine Die Cut<i> 10¾ x 10¼</i>","Offset lithography",,Self-Adhesive,"º - No Face Value",20*FOREVER,,48568,,,,715609,86.61,Low,Multicolor,,,"Fruits,Plants (Flora),Vegetables","Booklet pane of 20",https://colnect.com/stamps/stamp/715622
"Summer Harvest","United States of America","Summer Harvest","Sn:US 5007d",2015-07-11,,,,,"Booklet Pane",Definitive,Imperforate,"Offset lithography",,Self-Adhesive,"º - No Face Value",20*FOREVER,,48566,,,,715609,91.49,Low,Multicolor,,,"Fruits,Plants (Flora),Vegetables","Imperforate booklet pane of 20",https://colnect.com/stamps/stamp/715623

"END of Colnect list launched on 2022-05-09 17:54:24 GMT+0"